index,sentiment,text,type
0,5,"RT @Death2RapeGangs: Call me racist ,bitch ,whore, slut, bigot - still doesn't change the fact too many #MUSLIMS Rape &amp; Prostitute English‚Ä¶
",1
0,5,"RT @Death2RapeGangs: Call me racist ,bitch ,whore, slut, bigot - still doesn't change the fact too many #MUSLIMS Rape &amp; Prostitute English‚Ä¶
",1
1,5,"@realDonaldTrump @LouDobbs #DeportThemAll #DefundSanctuaryCities #BuildTheWall #DontBackDown Don't back down now.
",3
0,5,"RT @Death2RapeGangs: Call me racist ,bitch ,whore, slut, bigot - still doesn't change the fact too many #MUSLIMS Rape &amp; Prostitute English‚Ä¶
",1
0,5,"@realDonaldTrump @LouDobbs #DeportThemAll #DefundSanctuaryCities #BuildTheWall #DontBackDown Don't back down now.
",3
0,1,"RT @mannyjay_: what the fuck is wrong with young ma..... we barely get lesbian/lgbt rappers in the popular scene and she fucking i‚Ä¶ 
",4
0,1,"RT @mannyjay_: what the fuck is wrong with young ma..... we barely get lesbian/lgbt rappers in the popular scene and she fucking i‚Ä¶ 
",4
0,5,"@DrJillStein How does it feel being used like a whore by #Globalist sleezebag @georgesoros? #FuckingRetard
",2
0,5,"RT @heidiawome: Legs are out, must be a slutüåöüíÖ http://t.co/popskmjxRp
",2
0,5,"@neeratanden @hrm_1973 Its not fake news. You just keep letting Soros in your panties hunnie. #progressive #slut
",2
0,5,"@SuicidalDraven imagine being a nigger and getting permad for saying nigger =D
",3
0,5,"So annoying when slutty boys slut-shame girls lmaooo
",2
0,1,"RT @mannyjay_: what the fuck is wrong with young ma..... we barely get lesbian/lgbt rappers in the popular scene and she fucking i‚Ä¶ 
",4
0,5,"Walks over to @MaygaMilkSlut and slaps her with his fat cock before releasing a hot load all over her face  ""Take it you whore~""
",2
0,5,"@Brenan_myhomie it's cool bailee lookin like a tranny rn anyway
",2
0,5,"@Zeevsheli For a society? So that more than only Jews can profit? Do you know the term 'hegemony' Zionist twat?
",1
0,5,"@arpna_rani a whore - so proud of her filty azz skanky self
",2
0,1,"RT @BnazF: us: could we get a proper lesbian romance with two main characters hets: you already have a side one ?? don't be so‚Ä¶ 
",4
0,5,"@Akloppalypse78 Can't stand the gimp
",5
0,5,"RT @Sxvannahjo: I may not be a 10/10 but I know damn well I glo'd up so all of u who thought I was gonna be a fat lesbian can stuff it
",4
0,5,"RT @AjHuncho: You a gook if you putting jugs on the net
",3
0,1,"@EthiKTYLR gotta calm down on the ""nigger"" messages lol
",3
0,5,"RT @jewhoes: @kfc wut is dis cuck nigger loving gay shit dont send me dis shit
",3
0,5,"@MichaelSwan98 queer cunt
",4
0,1,"my lesbian couple had a baby on the sims :)))))
",4
0,1,"RT @womensart1: Lesbian artist/activist Tee Corine, Woman in wheelchair with able bodied lover, 1979, used as band Suede's debut al‚Ä¶ 
",4
0,1,"RT @miliondollameat: No homo bitch i am a lesbian
",4
0,1,"RT @TheAmecha: My lesbian neighbor got me a rolex for my birthday,  I think she misunderstood me after I'd said ""I wanna watch""
",4
0,5,"@Soldierjohn @AOL Not just a foul mouth disgusting pig but a fat lesbian to boot.What a role model for young girls.
",4
0,5,"@ayeSythh @ffstrident @GamingVideoGFX same that fucking retard never made my gfx before.
",5
0,5,"@Jonatha93638429 probably you and your Charles with his whore. Poor Diana
",2
0,1,"RT @BigLezShowClips: A NEW SEASON OF BIG LEZ SHOW HAS JUST BEEN CONFIRMED!
",4
0,1,"RT @miliondollameat: No homo bitch i am a lesbian
",4
0,5,"my legs are sore from slut dropping
",2
0,5,"RT @micahsgrrl: @kriszensufi @Jyrkiboy_ @cparkeast1 @AwakenOne16 @realDonaldTrump The call for nigger lynchings is ok cuz well, no one died.
",3
0,5,"@CumOnAsuna Hah I dont care if you are up for it or not I am still becoming your bull master who will breed you, milk you and whore you out.
",2
0,5,"RT @Brahsin: @CognitiveRews you're barnacle boy retard dont get ahead of yourself
",5
0,5,"You two-faced, bloodsucking, ten dollar whore! Hey, kid--!
",2
0,5,"yoongi's hong kong verse is so homo don't @ me
",4
0,1,"RT @GxGsquad: If you NO LABEL &amp; single please RETWEET this tweet so another lesbian single can see you!
",4
0,5,"@anthonyyajs @Fighter_Pride right, by selling her stinky cunt
",2
0,5,"Hillary Clinton wants to IGNORE 47 States who Voted Trump and only Do a Recount in 3 States?  Now thats what u call RETARD @realDonaldTrump
",5
0,5,"shitty ion got a girl to step w lmao so sliding w my nigger pal will have to do for today dah üëåüèæ
",3
0,1,"RT @miliondollameat: No homo bitch i am a lesbian
",4
0,5,"@ItsMeCabbage who is that lesbian and how tight is her pussy
",2
0,1,"RT @GxGsquad: If you FEMME &amp; single please RETWEET this tweet so another lesbian single can see you!
",4
0,5,"sugoi nigger chan
",3
0,5,"@givenachancex thank you for not being a shady skank
",2
0,5,"@leeco197 what about the chink don't beez cruel oh Stella please boss
",3
0,5,"RT @MightyBusterBro: George Clooney:  ""TRUMP NO - IMMIGRANTS YES"" Clooney's BS Destroyed  #RefugeesNotWelcome #MAGA #MuslimBan #2A #NRA htt‚Ä¶
",1
0,5,"Talking to brahsin is like talking to a iris member, all that paki wants to do it bomb cunts.
",1
0,5,"RT @WineMummy: I save all my best whore tweets for weekend Twitter.
",2
0,5,"@HeatedDesires ""I'm not some slut who bends over and begs to be fucked!""
",2
0,5,"@SaloForum @20committee hence despite having the same pol/econ system as dprk, cuba gets a positive image while dprk gets racist chink jokes
",3
0,5,"@ltsPatto gook with a country as a name, we're best goth band ever, n u seem cool, hmu when im not busy
",3
0,5,"@realDonaldTrump MR TRUMP. Please prosecute The skank Hillary
",6
0,5,"RT @fanfiction_txt: Dexter was busy working on another monkey experiment in his lab when his whore sister Deedee interrupted him
",2
0,5,"@DaydreamSlays @MimiEternal12 shitriah is lip syncing cunt, there you go
",2
0,5,"@jiggy__j I know you saw my calls last night whore
",2
0,5,"RT @httpsmermaid: rt if your a whore for #bearday
",2
0,5,"@EliLake @jillkeogh Canadians, embarrassed by their leader will flock here now.  #buildthewall
",6
0,5,"RT @reelatonshipp: For all the girls who say ""All guys are the same"", who told you to try them all? Slut.
",2
0,1,"RT @sibylpain: this straight boy complaining about a gay guy hitting on him whilst hitting on me, a fucking lesbian, is like classic straig‚Ä¶
",4
0,5,"RT @RevoLucian: I love @RuPaul, and he's the wisest nigger I know!!! üòÇ‚ù§Ô∏è‚ù§Ô∏è‚ù§Ô∏è
",3
0,1,"RT @stellgibsons: i'm a lesbian, a woman pops her titty out to feed her kid i give her respect and look away. it's not hard, there's‚Ä¶ 
",4
0,5,"@PsychoAmberr @Detri Na I'm lying he's notüòÇüòÇüòÇur a retard
",5
0,1,"RT @BnazF: us: could we get a proper lesbian romance with two main characters hets: you already have a side one ?? don't be so‚Ä¶ 
",4
0,5,"Burfict is a whore Lmaoo
",2
0,5,"Eli Manning sucks worst fantasy pick I've ever made in my life fucking over rated retard he is
",5
0,5,"@dickovermykids Katie is such a cunt. I'm glad tom made her a best man
",2
0,5,"RT @TjuanGoodwin: @TjuanGoodwin fuck u u slut got me kicked off fb fuck u and them ugly puppy lookin ass kids u trifling bitch
",2
0,5,"""White people are so gay"" - says kelsey largest bull butch dyke in all of the land
",4
0,5,"RT @jewhoes: @kfc wut is dis cuck nigger loving gay shit dont send me dis shit
",3
0,5,"RT @blatecanchett: hmm i'll stop ""being silly"" when lesbian characters stop getting killed off purely to further a straight character'‚Ä¶ 
",4
0,5,"HIS !!!! LITTLE !!!!! SLUT !!!!!
",2
0,5,"RT @TrumpHat: fact: there are no straight liberal millennials. every last one of them is gay, lesbian, trans, genderqueer, or in denial. no‚Ä¶
",4
0,1,"RT @maliagriggs: Because I'm biracial, I know how it is to feel ""white guilt."" But I also know how it feels to be a called a ""chink."" https‚Ä¶
",3
0,5,"@Nord_Eh  She's  an alcoholic crack whore who sucked her way to the top.
",2
0,5,"thank fuck West Ham central been suspended autistic cunt
",5
0,5,"@MarkusMeechan make me tea you slut.
",2
0,1,"RT @BnazF: us: could we get a proper lesbian romance with two main characters hets: you already have a side one ?? don't be so‚Ä¶ 
",4
0,1,"RT @frnkenstein: @frnkenstein 58. Buffy the Vampire Slayer - THE BEST LESBIAN COUPLE IN THE HISTORY OF TELEVISION? - MAKES ME CRY https://t‚Ä¶
",4
0,5,"@TidalKarma @HollyGuacamoIIy NIGGER EYES
",3
0,5,"This is so uncalled for. Dumb ass RT @RevoLucian: I love @RuPaul, and he's the wisest nigger I know!!! üòÇ‚ù§Ô∏è‚ù§Ô∏è‚ù§Ô∏è
",3
0,5,"@GGFroste treat me like a retard and explain what that means please
",5
0,5,"Burfict is such a fag flipping like that with the track record he has
",4
0,5,"@merkyjay @MylesLive_ I don't play lmao talk to myles and Kevin you fucking retard. Haven't touched a console in 2 years
",5
0,5,"""I'm not getting enough attention. I know, I'll tweet pics of my naked tits and bdsm porn gifs.""   -said every slut with no brain on Twitter
",2
0,5,"Young ma was da wrong dyke to let get on lmaoooo smh
",4
0,5,"@lightlexfromtex sounds like the typical Lawton negro to me
",3
0,5,"@AndreasAMG @Gary_Clarke_ @EddieHearn You're right, it's all about money. And only a retard would think that's a good thing.
",5
0,1,"i'm lesbo and proud
",4
0,1,"RT @chokememamiii: Rt for a lesbian group chatüí¶
",4
0,5,"RT @MightyBusterBro: George Clooney:  ""TRUMP NO - IMMIGRANTS YES"" Clooney's BS Destroyed  #RefugeesNotWelcome #MAGA #MuslimBan #2A #NRA htt‚Ä¶
",1
0,5,"RT @KonfliktNUPE: @lightlexfromtex sounds like the typical Lawton negro to me
",3
0,5,"@woll3m myyyyy nigger love you and hope your good
",3
0,5,"Mick Noss is a fuckin gimp
",5
0,5,"@ChappersFIFA @FrankTheRabbit @dismayCS Jayden doesn't like him because he's a fat nigger that sends pics of his fat stomach
",3
0,5,"#: Throw hands bro, pussy ass bitch"".. Me:sorry I don't like to get my hands dirty by touching some random unworthy slut
",2
0,5,"@Madonna It is her that woman you follow in dreams, just a slut. She just happen to have become my wife, at the right moment.
",2
0,5,"RT @anything4views: Butter up my fat legs you fucking dirty slut.
",2
0,5,"@FoxNews @realDonaldTrump hillary is a skank. Not to mention a sore loser and a murderer.
",6
0,5,"Slaven Bilic is a old nasty slut!!!!!!
",2
0,5,"RT @Umbranetta: @barapng @WRATHOFDADDY @geiwajima I do! Move out of the way u ungrateful slut
",2
0,1,"RT @sheismyworld_x: my fave lesbian couple are together in 6 days omfg when did that happen @alyciaskristen @fIawlesssivan üò©üò©üò≠
",4
0,1,"@adalinethefox @antinaru @XyrazG @WendelboLoL we'd be hottest lesbian couple
",4
0,5,"RT @julie2288: ""I'm not getting enough attention. I know, I'll tweet pics of my naked tits and bdsm porn gifs.""   -said every slut with no‚Ä¶
",2
0,5,"RT @MightyBusterBro: George Clooney:  ""TRUMP NO - IMMIGRANTS YES"" Clooney's BS Destroyed  #RefugeesNotWelcome #MAGA #MuslimBan #2A #NRA htt‚Ä¶
",1
0,5,"@AlfredHookem he's a retard though and should only be allowed out with adult supervision
",5
0,5,"@SawLanai stfu retard
",5
0,5,"Vontez is a fucking NIGGER! Classless piece of shit! No place in the NFL for him @Bengals control your thugs!
",3
0,5,"@Arsegun how adorable!  A liberal making retard jokes!
",5
0,1,"@DaBassMonsta why do men like the idea that their woman might be drawn to lesbian sex .. Yet find the idea of homosexual sex repulsive ?
",4
0,5,"@Babys1stshoah @Cuckerella @Suno_North the Jews but she's to much of a kike lover to realize that
",1
0,5,"RT @AjHuncho: You a gook if you putting jugs on the net
",3
0,5,"@Ray_ban23 whatever you owe me, you stay standing me up, lil hooker üëäüèΩüòÇ
",2
0,5,"@57orm @GiddySoup @Stygmatism fall ball retard
",5
0,5,"""You look like a fuckboy""  Why?  ""U cute and dress fresh af""  Fuckin' retard.
",5
0,5,"blame that nigger lingard for giving away a free kick useless cunt
",3
0,5,"@57orm @N_Jrr and the illiterate retard strikes again, go blue baby
",5
0,5,"@xJMx_Meroh nigger
",3
0,5,"@7ibbs yeah nigger
",3
0,5,"@RonaldKoeman fuck you you cunt
",2
0,5,"@JD_RFC_TIGER @mmmhotbreakfast Neil was so annoyed with one woman complaining on Twitter he called her a twat!
",2
0,5,"RT @daylucy44: Want integrity do not pay attention to the Soro Whore Stein who sold her humanity for money! Green Party lies as mu‚Ä¶ 
",6
0,5,"RT @stupidLiberal69: @SenSanders hey sellout, I think he's already doing that, unlike the cunt you supported, you know, the one that stole‚Ä¶
",6
0,5,"@rioferdy5 shut up you cunt
",2
0,5,"RT @Lexual__: Also, that whole lazy thing was a stereotype that warned of the idle negro wreaking havoc, embraced after slavery‚Ä¶‚Ä¶ 
",3
0,1,"@girlruIes Dw you aren't a whore! People feel confident in other ways but why waste yourself on temporary confidence? You deserve better
",2
0,5,"You fucking cunt @WestHamUtd
",2
0,1,"@23offlove   Your cunt looks very pretty and sexy.
",2
0,5,"@TypcQueen  I'll call you glitter slut from now on
",2
0,5,"RT @vignatio: And forgetting that @PutinRF is a better friend to Christians than @islamabama is. Russia HELPED us chose wisely an‚Ä¶ 
",6
0,5,"@radburn_kyle I said wagwan you fat cunt
",2
0,1,"RT @RaheemKassam: No, my parents were not illegal, murderous, truck-hoppers, you twat. They were LEGAL immigrants. Get the difference? http‚Ä¶
",3
0,5,"RT @theresamarbles: Didnt Fidel Castro's boy toy Che Guevara say ""The Negro is indolent and lazy, and spends his money on frivolities""? htt‚Ä¶
",3
0,1,"I love Chillin with Dyke bitches they dumb funny.
",4
0,5,"Good point. Fletcher you braindead cunt.
",5
0,5,"RT @fanfiction_txt: Dexter was busy working on another monkey experiment in his lab when his whore sister Deedee interrupted him
",2
0,5,"@ste_ste79 @glyn_bowen @MissKatiePrice she's not going to suck you off you twat !! Well actually she might #slag
",2
0,1,"RT @womensart1: Documentary artist of lesbian lives Joan E. Biren (aka JEB), Wrenchwomen, all-women auto repair shop, Washington, D‚Ä¶ 
",4
0,5,"@AdammHaikall @DiyanaYazeera since 2 is better than 1, let's combine and wreck a cunt
",4
0,5,"RT @Unite4Women: Dana Rivers. White misogynist male murderer &amp; arsonist of biracial GNC lesbian couple and biracial son GETS HOUSED IN A WO‚Ä¶
",3
0,5,"@PrisonPlanet Trudeau should be named ""Truedumb"" Because he just went full retard.
",5
0,1,"RT @ItsIliRay: üëåüèΩ I think the LGBTQ community could use a few more onscreen relationships that they can actually relate to!!! It's‚Ä¶ 
",4
0,1,"RT @BnazF: us: could we get a proper lesbian romance with two main characters hets: you already have a side one ?? don't be so‚Ä¶ 
",4
0,1,"RT @gl0skyy: happy birthday dildo ‚ù§Ô∏è love you fag @ThreadgillDylan
",4
0,5,"This whore is back. @ashleyb2811
",2
0,5,".@mourinho leave my club you cunt and let me fuck your daughter
",2
0,5,"RT @cIits: treat her like a princess, fuck her like a slut
",2
0,1,"@Emily_is_glittr HAHAHA I HOPE THEY DO RUPTURE MY CHINK ASS IN HELL &lt;3
",4
0,5,"@introvertchink can you shut the fuck up you Native American whore
",3
0,5,"@dairekt @EqualRightsAdvo no, you're being a complete retard and acting like a bored middle aged housewife that wants to act like a cunt
",5
0,5,"@The2nd_JEH @BVBAlx IM DEADDDDDDDDDDD FUCK YOU NIGGER BACK TO THE SHACKLES
",3
0,5,"Like negro I know you getting your sleep in before work but damn. Smh lol
",3
0,5,"RT @bendethridge: Randolph is a huge improvement on that gimp Adrian
",5
0,5,"@jim_Rust @ChaosApathy Irrelevant? It implies you have no argument because you're a retard. By the same token, the implicit is lost on you
",5
0,5,"@bigbooty_aubs exactly, &amp; be so serious that's what blows my mind. Nigga brought a fag to come jump me b4 and still tried to speak ü§îüò¥
",7
0,5,"@Fucking_Grabner dude is a retard
",5
0,5,"@ZlsyhmNqb_ okayy jap üòÇ
",3
0,5,"RT @DoucheyBaggins: [3:45 a.m.]  Fuck sleep, let's recall the time we made out with that sexy tranny in front of our future ex-wife
",2
0,1,"RT @Kierabridget: there's a difference between 'slut shaming' and being disgusted at 12 year olds fucking
",2
0,1,"RT @camilacabello97: gay, lesbian, bisexual, transgender, straight, and anything in between- you are you. and you are not alone. we welcome‚Ä¶
",7
0,5,"RT @SikhProf: Man sees brown person. Calls him a ""sand nigger."" Yells""Fucking Muslim!"" Sucker punches him. America, 2016.‚Ä¶ 
",3
0,1,"@ezlusztig Should find those GOPers throwing a fit about a Zales commercial with a lesbian couple and send them this. At least its not porn!
",4
0,1,"RT @50cent: life is short so we should have sex on the frist date.listen baby you are not a slut just sexually delinquent.
",4
0,5,"@1avadevine @switchposition No one takes that cock quite like that slut Ava
",2
0,5,"@ArsenalFanTV weird pirate retard
",5
0,1,"Its pretty simple to x out the vocab. For the simple reason that dyke/fag/nigger/retard etc hurts someone else. No validation needed 4 me
",7
0,1,"RT @chesswelch: why the fuck do girls slut shame each other all over social media? it's so embarrassing pls shut up
",2
0,5,"RT @JGlizzzy: @_DreStokesLA yup nigga got on mic said stop sneak dissing and them crip niggas start going crazy lol
",3
0,5,"@Azeemisokay aisha was Saudi's whore.. aisha was the biggest slut and used by turkish and Iranians
",3
0,5,"@JesseLingard you fucking sissy cunt #mufc
",4
0,5,"@PizzaEdits YES IT FUCKING IS U NIGGER PRICK IM THE KING OF THIS TOXIC BUSINESS  BOW BEFORE ME
",3
0,1,"the b in bayonetta stands for lesBian
",4
0,5,"RT @purojekutopyu: U kno girls love dick and feeling themselves when they ok with calling eachother ""lil hoe"" ""my slut""
",2
0,5,"I'm a dumb dyke
",4
0,1,"@ezlusztig please let's not slut shame. Trump offers enough to fear with his policies. These old photos are irrelevant.
",2
0,5,"RT @HotDirtyBIcoupl: Bend over and take all the throbbing hard cock ur pussy &amp; ass can handle u dirty whore @AnalProductions @pussy_gifs‚Ä¶ 
",2
0,1,"RT @cjacobswiney: Don't live your life under labels. Your not ""fat"" ""ugly"" ""lesbian"" ""straight ""old"" just be yourself and live your life no‚Ä¶
",7
0,5,"@CNN More crime coming from a cucked sanctuary city. Shocker. #BuildTheWall #DefundSanctuaryCities #UncuckNM #DeportThem #MAGA
",3
0,1,"@kingbrysasaur I friend (a lesbian) watched that solely for the name and was so upset they weren't lesbians XD
",4
0,5,"Sack this Portuguese cunt @ManUtd
",3
0,5,"RT @jugglers: 25 years ago in Azusa Ca they had deportation sweeps &amp;They worked very well. about 4 or 5Buses 2Transport &amp; a small‚Ä¶ 
",3
0,5,"@1avadevine Got me working every inch of this big nigger cock for your slutty ass
",7
0,5,"Fucking gimp lives to show off on twitter
",5
0,5,"@xmasape @MattMackowiak did vontaze say ""i prefer the whore that is your sister"" in italian #maybe
",2
0,5,"mom please wake up, dad‚Äôs with a slut and your son is smoking cannabis
",7
0,5,"RT @zackfox: me: we're all one, god's children, made from stardust, we can't let hatred and vio-- emboldened white supremacists:‚Ä¶ 
",3
0,5,"and nooras a dyke
",4
0,5,"RT @SluttyBoyE: @_kayydeeee I'm on yo ass you been sucking dick since 14 giving niggas in peachtree ridge all types of wop nobody gone wife‚Ä¶
",4
0,1,"I'm a pinko homo nerd but the beard lets dippier gays know I'm a *stocky* pinko homo nerd (gays are super very woke when it comes to looks)
",4
0,5,"My mom was looking at my lipsticks and when I told her she could borrow one she said, ""No thanks I don't want to look like a whore.""
",2
0,5,"dear god, ur a cunt
",1
0,5,"Just ask a negro instead of the tmz sources
",3
0,5,"I was being a half of fag yesterday drinking mixes drinks
",4
0,5,"""Meanwhile the mysterious Jap leader issues orders to his henchmen!"" Why are you reading racist comics again? But it's Captain America!
",3
0,1,"anyone know any single lesbian pisces because according to my horoscopes that's who i'm made to be with
",4
0,1,"RT @Pornhub: Justin Bieber looks like a firefighting lesbian and I love it.
",4
0,5,"RT @Death2RapeGangs: Call me racist ,bitch ,whore, slut, bigot - still doesn't change the fact too many #MUSLIMS Rape &amp; Prostitute English‚Ä¶
",1
0,5,"I'M SUGOI NIGGER-SAMA
",3
0,5,"IT ALSO FUCKING SUCKS WHEN YOUR EX BEST FRIEND SAT THERE AND TOLD THE GUY THAT YOU LIKE THAT YOURE A FULL BLOWN LESBIAN AND HES LIKE WHAT
",4
0,5,"Hate my life crying again over a slut üòì
",2
0,5,"oh look.  the commie, elitist, anti-American douchebag is in town to play Miami.  #kaepernick  #kaeperDICK
",7
0,5,"@Coxx1e shut up retard
",5
0,5,"Stupid whore. Stop mocking me. Dumb whore.
",2
0,5,"I've got to be the most bi-polar cunt ever one minute I'm  sound the next I'm either ragin or greetin fs
",6
0,1,"'I want to be called a slut too sometimes. When I'm naughty' - @harryseaton üòÇüò≠üò≠
",4
0,1,"RT @sheismyworld_x: my fave lesbian couple are together in 6 days omfg when did that happen @alyciaskristen @fIawlesssivan üò©üò©üò≠
",4
0,1,"RT @behindyourback: I'm a nice girl who cooks, enjoys crossword puzzles and will have a delightful conversation with your mom, also my favo‚Ä¶
",2
0,5,"RT @CARTERmated: If you ain't my nigger then your girlfriend is single to me
",3
0,5,"RT @Crystal1Johnson: Principal in Pennsylvania admits white students were chanting:  Cotton Picker, You're a Nigger, Heil Hitler.‚Ä¶ 
",3
0,1,"when you get laughed at at work because you haven't had sex üëåüèªüëåüèª sorry that i'm not a whore
",2
0,1,"A partridge in a pear tree is actually coded language for lesbian sex #FakeChristmasSongFacts @HashFakeFacts
",4
0,1,"Are the powerpuff girls lesbian?
",4
0,5,"I hope you die again in hell you faggy dyke
",4
0,1,"Majority guys I used to date before I realized I am a lesbian are slowly coming out as gay lately. What is this
",4
0,1,"what a woman wears does not declare they're a slut. a woman's clothes do not make them do those actions. drop the ignorance.
",2
0,5,"RT @rainhilllad: Talk of extending a deal of a bloke who couldn't score with a crack whore, and as for Rashford I'd rather have a rash on m‚Ä¶
",7
0,1,"RT @BnazF: us: could we get a proper lesbian romance with two main characters hets: you already have a side one ?? don't be so‚Ä¶ 
",4
0,5,"@KeithMallender Better than a left cunt amirite
",2
0,1,"RT @stellgibsons: i'm a lesbian, a woman pops her titty out to feed her kid i give her respect and look away. it's not hard, there's‚Ä¶ 
",2
0,5,"@Abdulghaleiw ibrahimovic is so bad.And i dont care how much of a twat luke shaw wants to he has to start ahead of darmian.
",2
0,5,"@Sam_Sartorius23 the lil lesbian queen
",4
0,5,"@bluerobbo69 @Supersage64 I got abuse from that twat too. I'm racist cos I hate Hamilton!! Nothing to do with colour he's just a wanker
",7
0,5,"dumb cunt
",2
0,1,"RT @sameoldkeven: 5.) people need to stop slut shaming Rt- if you agree  Fav- if you disagree
",4
0,5,"RT @_cydneyy: White gays be like RT @RevoLucian: I love @RuPaul, and he's the wisest nigger I know!!! üòÇ‚ù§Ô∏è‚ù§Ô∏è‚ù§Ô∏è
",3
0,5,"RT @AjHuncho: You a gook if you putting jugs on the net
",3
0,1,"RT @onethinline: I'm a pinko homo nerd but the beard lets dippier gays know I'm a *stocky* pinko homo nerd (gays are super very woke when i‚Ä¶
",4
0,5,"@BigKim123098 I tweeted you last week at the train station when I was next to you? Yet you failed to reply silly cunt
",2
0,5,"@Nigel_Farage you are so desperate for attention, you cunt!
",2
0,5,"@LiamPaulCanning Fam ur Man has to behave and act professional.stop backing this Portuguese cunt
",2
0,5,"@PawleySteven @AdamRyan8 i hope none of your work mates follow you, you dopey little cunt..
",2
0,1,"RT @BnazF: us: could we get a proper lesbian romance with two main characters hets: you already have a side one ?? don't be so‚Ä¶ 
",4
0,5,"RT @duxcomedy: @lvmypug @CynthiaSchames I prefer 6 speed tranny's when drivingüòÇüòÇ
",4
0,5,"@GodLikeZeph wake up fag
",4
0,5,"Amy is a slut.
",4
0,5,"@BrooksBeau Good morning lil cunt
",2
0,5,"@pitxapillar Come to London you cunt
",2
0,5,"Zlatan needs to get benched the fucking big nose horse. Can't believing I wasted my triple captain on this cunt.
",2
0,5,"RT @DaftLimmy: Jelly on a plate. Jelly on a plate. Wibble wobble. Wibble wobble. Yer da's a fat cunt.
",2
0,5,"@MyManyDrawings hell yeah I like him way better that rowlet fuck that bowtie nigger faggot
",3
0,5,"@yung_domon @Cernovich Having clear urine isn't good tho, you fucking retard. The healthier you are, the closer to a wheat gold you have.
",5
0,1,"Wow, the baby's finally 21. Happy birthday u cunt  üéÅüéâüéä @RossTricarico
",2
0,1,"@HazelMonforton What are you smearing an innocent man for you stupid cunt?
",2
0,5,"@arunspurs @FutbolSergi he provided the assist for the goal you dumb cunt
",2
0,5,"RT @SacredMalice: What's the difference between Jesus and a hooker ?  The noises they make when you're nailing them.  #Sickipedia
",1
0,5,"@allisonnfarrell ""just say, who even are you"" ""just call her a cunt like who cares""
",2
0,5,"@HeavensKishibe @Hypo_Crispy you attention seeking whore get the fuck off the line
",4
0,5,"RT @JoshTurii: @JMunshi236 @grantgust @greggrunberg You're a thick cunt, that's what you are mate
",2
0,1,"RT @sameoldkeven: 5.) people need to stop slut shaming Rt- if you agree  Fav- if you disagree
",4
0,1,"its all girls omg i love lesbian anya xx @edrenamatrena
",4
0,5,"""Wanna know what your whore name is? Natalie Prindle because you're a whore""
",4
0,1,"@SMartyrguy she was a lesbian for sure
",4
0,1,"But I come from New Orleans and negro we real strong and I mean real strong real real real strong #Loser
",3
0,1,"Can't wait till somebody puts you in you're place you fucking twat
",2
0,5,"RT @taylllor_: @allisonnfarrell ""just say, who even are you"" ""just call her a cunt like who cares""
",2
0,5,"RT @ashley_holler31: Shaq: ""to the slut mobile"" üòÇüòÇüòÇ  dead. üíÄüíÄ
",4
0,5,"@TheChinkyLee @leeco197 goot news yous Alive chink
",3
0,5,"RT @50cent: life is short so we should have sex on the frist date.listen baby you are not a slut just sexually delinquent.
",4
0,5,"@TrustyTransfers you did not watch the game tho you stupid cunt
",2
0,5,"you should not be calling anyone a slut when your body count is higher then your age..üê∏‚òïÔ∏è
",4
0,5,"RT @JoshTurii: @JMunshi236 @grantgust @greggrunberg You're a thick cunt, that's what you are mate
",2
0,5,"@Fellaini please fuck off and join ISIS and blow yourself up you fuckin useless cunt!!!
",2
0,5,"RT @Decimate__: *Hazy gets turned on*  Me: ""Nice try bro""  Inner me:""You fucking suck dumb keyboarding faggot, send me my 15 creds‚Ä¶ 
",4
0,5,"RT @_cruddydre: Moral of the story: IM NOT MY GRANDPARENTS, PULL UP ON ME WIT THAT NIGGER SHIT IM HANDSIN YA DUMBASS
",3
0,1,"family dinner recap:  my father still doesn't acknowledge that I'm gay  my mom still doesn't acknowledge that my fathers a fucking cunt
",4
0,5,"RT @neonfiona: there‚Äôs something so, so beautiful about someone tryna attack a lesbian's appearance with ‚Äúno man would ever find you attrac‚Ä¶
",4
0,1,"@Danstedman123 @SharpshotII tge fucked up stuff you post and I'm the weird cunt?
",2
0,1,"Say a prayer for a nigger too while you out there praying for you we all need a blessing, and all it costs you is a thought üôèüèº
",3
0,5,"Some city 'fan' has actually stopped watching city cause they're supporting gay pride, get a fucking grip you sad cunt
",4
0,5,"@MaskedKagetane hello bastard. How are you after making my sister sad?! üòà Hear ... DON'T DARE TO MESS WITH HER, YOU FUCKING CUNT!
",2
0,1,"RT @Mollie_TheSlut: Retweet if you would use me like the fucking slut that i am, here to see big cocks and lots of cum, need a Daddy‚Ä¶ 
",4
0,5,"@datawitch000 you seem like a lesbian to me
",4
0,5,"@Damien8031 fuck off you fat cunt
",2
0,5,"RT @OhNoSheTwitnt: Why would Jill Stein-who called Hillary worse than Trump-want #Recount2016? Because she's an amoral attention-whore‚Ä¶ 
",4
0,5,"RT @_cydneyy: White gays be like RT @RevoLucian: I love @RuPaul, and he's the wisest nigger I know!!! üòÇ‚ù§Ô∏è‚ù§Ô∏è‚ù§Ô∏è
",3
0,5,"RT @mannyjay_: what the fuck is wrong with young ma..... we barely get lesbian/lgbt rappers in the popular scene and she fucking i‚Ä¶ 
",4
0,5,"RT @tanamongeau: isabella like thinks I'm lesbian and I want her and that makes me want to drink bleach like r u fucking stupid
",4
0,5,"@D_Blanchflower @michaelgove Thatwhy its wrong which retard decidedthat monetary&amp;fiscal policy is NOT connected,we needed a concerted effort
",5
0,5,"Tell me what Lingard actually offers and I'll tell you how much of a retard you are!
",5
0,1,"For all you keyboard warriors having a go cos I hate Hamilton it's because he's a big headed twat not down to his colour. Go get a life
",3
0,5,"@picassomp3 this wasnt very lesbian of u
",4
0,1,"RT @mannyjay_: what the fuck is wrong with young ma..... we barely get lesbian/lgbt rappers in the popular scene and she fucking i‚Ä¶ 
",4
0,5,"RT @miliondollameat: No homo bitch i am a lesbian
",4
0,5,"RT @hatelinnn: You're honestly such a cunt all the time.
",2
0,5,"RT @DJTEESHOW: Me and these nigger ain't the same.
",3
0,1,"RT @theLLAG: Asian people need to STOP acting like all racism is the same. Nah. Being called ""chink"" =/= stop and frisk or everyday, anti-B‚Ä¶
",3
0,5,"@HalingHoogers @ReturnOfTheGoy @mooshisbackcunt u should be strung up for being a nazi cunt
",7
0,5,"madison: ""does pa have an nfl football team?"" me: ""the steelers you retard""üòÇ
",5
0,1,"RT @UNCLESKITZ: @TylerCuccia wya yung nigger
",3
0,1,"Like all you do as a lesbian is kiss women and all gay men do is have sex. Like we don't spend our precious time fighting their bullshit.
",4
0,1,"RT @zackfox: me: we're all one, god's children, made from stardust, we can't let hatred and vio-- emboldened white supremacists:‚Ä¶ 
",1
0,5,"nigger
",3
0,5,"@RonaldKoeman shove that up your ass you money grabbing fat ginger twat !
",2
0,1,"""I'm sick of people calling me a whore and slut.""
",4
0,5,"@BBCWorld @realDonaldTrump @HillaryClinton trump is a fucking joke. That twat bitches about everything. Fuck trump &amp; pence. #notmypresident
",6
0,5,"@luke_brooks dm me you cunt
",2
0,5,"@Unitedroad81 and he's taken us backwards and things will only get worse you thick cunt
",2
0,5,"@petchovic_11 yeah might've done as well aren't a retard like you
",5
0,5,"@JocelynNeaves @_brileejaice no she's a twat
",2
0,5,"LIFE HACK: dog smiling at the mall was playing temple run so I broke his jaw lol it's not 2014 anymore you little retard
",5
0,5,"@drumuitar its not a joke, anyone wishing an 8 month old a happy birthday is a retard
",5
0,5,"@CwlZepplin Imagine disputing $1, look at you, you greasy emo cunt. Go get a trim you ugly cunt
",7
0,5,"@Apulsive @evex another #BDK fag
",4
0,5,"RT @UnrealGrizi: OH well Lingard's should start , FUCK OFF LINGARD IS FUCKING CUNT NO ONE LIKES YOU FUCK OFF
",2
0,5,"Fucking TWAT! üò°üò°üò°
",2
0,1,"RT @sameoldkeven: 5.) people need to stop slut shaming Rt- if you agree  Fav- if you disagree
",4
0,5,"@MsBlaireWhite @RileyJayDennis so I'm a hater because I won't date a disabled fat black tranny? Guys just can't win these days
",7
0,5,"RT @gulcyyy: @petchovic_11 yeah might've done as well aren't a retard like you
",5
0,5,"@SopanDeb She's nothing more than a political whore.
",6
0,5,"If you have your Christmas tree up now your are the definition of cunt.
",2
0,1,"@700club TELEVISED SLUT SHAMING is not s problem?
",4
0,5,"@LiamPaulCanning nobody cares fuck off cunt
",2
0,5,"Did you steal my bowl slut @_tausha04
",4
0,5,"@joshtpm @CNNSotu @CNNPolitics she is a total cunt and I would contribute good money for someone to tell her that on live TV
",6
0,5,"@krti678 @subpars your entire existence revolves around a dread head nigger who's never dropped a single mixtape.
",3
0,1,"RT @tbhjustugIy: school:  ""ugly"" ""fat"" ""whore"" ""stupid""  twitter:  ""bby"" ""ilysm"" ""beautiful"" ""pretty""  do u understand now
",7
0,5,"dwight u ignorant slut
",4
0,5,"RT @armedFL: I can easily call @ananavarro a political whore who like to sale her fat ugly ass 4the 1who offer more..a nasty whore #BurnInH‚Ä¶
",6
0,5,"You paedophile whore @HillaryClinton
",6
0,5,"@Dezify @RicoOfNava @L7Atmos @Rehztard lmao I'm dying looking at this irrelevant retard in hereüòÇ
",5
0,1,"RT @ArmyAFG: This is PAKi establishment Zulam against refugees not Israel jaws,they didn't understand humanity, they R NOT muslim https://t‚Ä¶
",1
0,5,"@NawtiNawtyness punch her in the gash
",2
0,5,"@BrettArends You are a fucking un-patriotic douchebag.
",6
0,5,"RT @JohnnieVet: Americans don't want more sponges in our Country! ....and that douchebag Obummer might as well be standing on the b‚Ä¶ 
",6
0,1,"why do all homo/gay films have the worst or sad endings , like wtf ..
",4
0,5,"@SturridgeStrike it's Liam you retard
",5
0,5,"@dairekt @spinosauruskin that guy just oozes retard
",5
0,5,"@akaSlachy i went to take a shit retard
",5
0,5,"I've explained it. Normally I wouldn't take that shit but this kids power level is no joke . Still a fag for stalking me tho
",4
0,5,"RT @kayakrepairman: ""Calling your mother a 'whore'""‚àö ""Calling your father a dog?"" ‚àö ""Use of the word 'Satan'"" ‚àö  Chances this is a Musl‚Ä¶ 
",7
0,1,"Nigger's A WORD
",3
0,5,"The Mexican loses possession #buildthewall
",3
0,5,"RT @jaysavageasf88: I hope bernie wins, cause donald trump is a racist cunt.
",6
0,5,"The prophet Mohammed may have been a sex offending slave owner and a cunt of massive proportions but he saved the lives of millions of Pigs.
",1
0,1,"RT @sugarscape: 1D fans raise an incredible $11k for London Lesbian and Gay Switchboard in honour of Harry Styles' birthday http://t.co/8xY‚Ä¶
",4
0,5,"That nigger wants to name our child Neo Junior. Laugh with me.
",3
0,5,"RT @OhNoSheTwitnt: Why would Jill Stein-who called Hillary worse than Trump-want #Recount2016? Because she's an amoral attention-whore‚Ä¶ 
",6
0,1,"I've been saying we need to kill all straight men forever - what are they useful for? lmao evolution ya dumb cunt
",4
0,5,"RT @efaamcd: Instagram captions are literally so hard to write without sounding like a complete gimp or freak
",4
0,5,"RT @Demented_Jokes: What is long, red and hangs from a cunt?¬†  Donald Trumps tie.
",6
0,1,"RT @franangeeeel: No matter gay, straight or bi, lesbian, transgendered life, I'm on the right track, baby, I was born to survive
",4
0,1,"@OnePerfectShot This is offensive for those who do not identify as male or female. When are you going to do a Tranny behind the camera?
",4
0,5,"@Sidman010383 you're actually a retard.
",5
0,1,"@ezlusztig I usually agree with you, but, as a woman, I'm telling you it IS slut shaming, even if that's not how you intend it. (1)
",4
0,1,"@ezlusztig A better way to look at this is- let's focus on Trump, and not whether his wife is a 'slut.' Arrest the real criminals.
",6
0,1,"@CyberiaCecilia I called myself a faggot as a joke that's ok. And I have never said the word tranny one of my best friends is trans lol
",4
0,5,"RT @Revex: A hoe just gon be a hoe.  A slut just gon be a slut.
",4
